Task	S1ensitivity	Datapoints
Tagging	1.0	NA
Labels	1.62	NA
Heads	2.85637	NA
MPQA	1.03	1060
MR	1.98	690
Subj	1.5	491
CR	1.936	NA
SST2	1.62	153
QQP	1.97	64
MNLI	3.277259860644011	613
QNLI	3.454308938664306	36
CoLA	1.5126651080479208	1043
RTE	3.661643753807632	132
MRPC	4.9054813437902824	131
WSC	3.91	71
Gym248	2.18	NA
Gym260	1.8	NA
